Player,Squad,Age,Born,90s,SCA,SCA90,PassLive,PassDead,TO,Sh,Fld,Def,GCA,GCA90,PassLive,PassDead,TO,Sh,Fld,Def,Altura,Pie,Valor de mercado
Naouirou Ahamada,Crystal Palace,21.0,2002.0,3.9,9.0,2.3,9.0,0.0,0.0,0.0,0.0,0.0,3.0,0.77,3.0,0.0,0.0,0.0,0.0,0.0,"1,83m",Derecho,8.00 
Julian Alvarez,Manchester City,23.0,2000.0,29.4,118.0,4.01,74.0,28.0,4.0,10.0,2.0,0.0,15.0,0.51,12.0,1.0,0.0,0.0,2.0,0.0,"1,70m",Derecho,90.00 
Jaidon Anthony,Bournemouth,23.0,1999.0,1.7,3.0,1.78,2.0,0.0,1.0,0.0,0.0,0.0,0.0,0.0,0.0,0.0,0.0,0.0,0.0,0.0,"1,83m",Derecho,6.00 
Cameron Archer,Sheffield Utd,22.0,2001.0,20.4,49.0,2.41,32.0,0.0,9.0,5.0,1.0,2.0,4.0,0.2,2.0,0.0,1.0,1.0,0.0,0.0,"1,75m",Derecho,13.00 
Jordan Ayew,Crystal Palace,31.0,1991.0,28.3,72.0,2.55,40.0,5.0,5.0,7.0,12.0,3.0,12.0,0.42,10.0,0.0,1.0,0.0,1.0,0.0,"1,82m",Derecho,4.00 
Leon Bailey,Aston Villa,25.0,1997.0,23.0,97.0,4.22,70.0,7.0,9.0,7.0,3.0,1.0,11.0,0.48,7.0,1.0,1.0,2.0,0.0,0.0,"1,78m",Izquierdo,42.00 
Jean-Ricner Bellegarde,Wolves,25.0,1998.0,10.6,30.0,2.81,20.0,2.0,6.0,1.0,1.0,0.0,2.0,0.19,1.0,0.0,1.0,0.0,0.0,0.0,"1,72m",Derecho,15.00 
Said Benrahma,West Ham,27.0,1995.0,6.9,26.0,3.77,23.0,0.0,3.0,0.0,0.0,0.0,1.0,0.15,1.0,0.0,0.0,0.0,0.0,0.0,"1,72m",Derecho,20.00 
Beto,Everton,25.0,1998.0,10.6,32.0,3.03,19.0,0.0,6.0,3.0,2.0,2.0,1.0,0.09,1.0,0.0,0.0,0.0,0.0,0.0,"1,94m",Derecho,20.00 
Oscar Bobb,Manchester City,20.0,2003.0,3.4,22.0,6.56,16.0,0.0,4.0,1.0,1.0,0.0,6.0,1.79,3.0,0.0,2.0,0.0,1.0,0.0,"1,75m",Izquierdo,25.00 
Armando Broja,Chelsea,21.0,2001.0,5.0,8.0,1.59,5.0,0.0,1.0,0.0,2.0,0.0,1.0,0.2,0.0,0.0,0.0,0.0,1.0,0.0,"1,91m",Derecho,22.00 
Armando Broja,Fulham,21.0,2001.0,1.0,1.0,1.01,1.0,0.0,0.0,0.0,0.0,0.0,0.0,0.0,0.0,0.0,0.0,0.0,0.0,0.0,"1,91m",Derecho,22.00 
David Brooks,Bournemouth,26.0,1997.0,3.1,20.0,6.41,16.0,1.0,1.0,1.0,1.0,0.0,3.0,0.96,2.0,0.0,1.0,0.0,0.0,0.0,"1,73m",Izquierdo,8.00 
Mason Burstow,Chelsea,19.0,2003.0,0.1,0.0,0.0,0.0,0.0,0.0,0.0,0.0,0.0,0.0,0.0,0.0,0.0,0.0,0.0,0.0,0.0,"1,87m",Derecho,1.80 
Dominic Calvert-Lewin,Everton,26.0,1997.0,24.1,54.0,2.24,37.0,0.0,4.0,7.0,4.0,2.0,6.0,0.25,3.0,0.0,0.0,3.0,0.0,0.0,"1,89m",Derecho,22.00 
Cesare Casadei,Chelsea,20.0,2003.0,0.9,4.0,4.62,2.0,0.0,0.0,0.0,1.0,1.0,0.0,0.0,0.0,0.0,0.0,0.0,0.0,0.0,"1,92m",Derecho,10.00 
Tawanda Chirewa,Wolves,19.0,2003.0,1.6,3.0,1.86,3.0,0.0,0.0,0.0,0.0,0.0,0.0,0.0,0.0,0.0,0.0,0.0,0.0,0.0,"1,81m",Derecho,0.5
Leon Chiwome,Wolves,17.0,2006.0,1.9,1.0,0.52,1.0,0.0,0.0,0.0,0.0,0.0,0.0,0.0,0.0,0.0,0.0,0.0,0.0,0.0,"1,86m",,1.00 
Carney Chukwuemeka,Chelsea,19.0,2003.0,2.5,9.0,3.57,7.0,0.0,1.0,1.0,0.0,0.0,4.0,1.59,2.0,0.0,1.0,1.0,0.0,0.0,"1,88m",Derecho,15.00 
Philippe Coutinho,Aston Villa,31.0,1992.0,0.3,2.0,7.2,1.0,0.0,1.0,0.0,0.0,0.0,0.0,0.0,0.0,0.0,0.0,0.0,0.0,0.0,"1,72m",Derecho,7.50 
Matheus Cunha,Wolves,24.0,1999.0,27.1,78.0,2.88,46.0,1.0,12.0,8.0,8.0,3.0,13.0,0.48,9.0,0.0,1.0,1.0,1.0,1.0,"1,83m",Derecho,45.00 
Arnaut Danjuma,Everton,26.0,1997.0,6.6,18.0,2.72,9.0,0.0,1.0,5.0,2.0,1.0,1.0,0.15,0.0,0.0,0.0,1.0,0.0,0.0,"1,78m",Derecho,13.00 
Jayden Danns,Liverpool,17.0,2006.0,0.1,0.0,0.0,0.0,0.0,0.0,0.0,0.0,0.0,0.0,0.0,0.0,0.0,0.0,0.0,0.0,0.0,"1,83m",Derecho,1.00 
Josh Dasilva,Brentford,24.0,1998.0,0.3,1.0,3.75,1.0,0.0,0.0,0.0,0.0,0.0,0.0,0.0,0.0,0.0,0.0,0.0,0.0,0.0,"1,84m",Izquierdo,10.00 
David Datro Fofana,Burnley,20.0,2002.0,9.8,18.0,1.84,8.0,0.0,4.0,4.0,1.0,1.0,2.0,0.2,0.0,0.0,2.0,0.0,0.0,0.0,"1,82m",Derecho,12.00 
Bobby De Cordova-Reid,Fulham,30.0,1993.0,15.8,35.0,2.17,29.0,0.0,1.0,3.0,0.0,2.0,4.0,0.25,3.0,0.0,0.0,0.0,0.0,1.0,"1,70m",Derecho,5.00 
Moussa Diaby,Aston Villa,24.0,1999.0,24.2,80.0,3.31,64.0,1.0,6.0,7.0,2.0,0.0,10.0,0.41,9.0,0.0,1.0,0.0,0.0,0.0,"1,70m",Izquierdo,55.00 
Luis Diaz,Liverpool,26.0,1997.0,29.2,163.0,5.58,121.0,1.0,17.0,15.0,8.0,1.0,9.0,0.31,9.0,0.0,0.0,0.0,0.0,0.0,"1,80m",Derecho,75.00 
Ben Doak,Liverpool,17.0,2005.0,0.2,0.0,0.0,0.0,0.0,0.0,0.0,0.0,0.0,0.0,0.0,0.0,0.0,0.0,0.0,0.0,0.0,"1,73m",Derecho,10.00 
Jeremy Doku,Manchester City,21.0,2002.0,17.7,111.0,6.26,82.0,1.0,17.0,6.0,5.0,0.0,15.0,0.85,10.0,0.0,2.0,1.0,2.0,0.0,"1,73m",Derecho,65.00 
Abdoulaye Doucoure,Everton,30.0,1993.0,29.2,67.0,2.29,59.0,0.0,0.0,6.0,1.0,1.0,5.0,0.17,3.0,0.0,0.0,2.0,0.0,0.0,"1,83m",Derecho,10.00 
Odsonne Edouard,Crystal Palace,25.0,1998.0,17.3,45.0,2.6,29.0,0.0,7.0,7.0,1.0,1.0,2.0,0.12,2.0,0.0,0.0,0.0,0.0,0.0,"1,87m",Derecho,18.00 
Harvey Elliott,Liverpool,20.0,2003.0,15.0,78.0,5.19,61.0,9.0,2.0,3.0,1.0,2.0,10.0,0.67,6.0,1.0,1.0,0.0,1.0,1.0,"1,70m",Izquierdo,35.00 
Eberechi Eze,Crystal Palace,25.0,1998.0,22.8,110.0,4.82,54.0,27.0,11.0,7.0,10.0,1.0,11.0,0.48,8.0,0.0,1.0,0.0,2.0,0.0,"1,78m",Derecho,55.00 
Romain Faivre,Bournemouth,25.0,1998.0,0.5,1.0,2.2,0.0,0.0,1.0,0.0,0.0,0.0,0.0,0.0,0.0,0.0,0.0,0.0,0.0,0.0,"1,80m",Izquierdo,15.00 
Phil Foden,Manchester City,23.0,2000.0,31.7,144.0,4.54,111.0,9.0,9.0,6.0,8.0,1.0,21.0,0.66,16.0,1.0,1.0,0.0,3.0,0.0,"1,71m",Izquierdo,150.00 
Pablo Fornals,West Ham,27.0,1996.0,4.7,16.0,3.37,13.0,0.0,0.0,0.0,1.0,2.0,1.0,0.21,0.0,0.0,0.0,0.0,0.0,1.0,"1,78m",Derecho,14.00 
Matheus Franca,Crystal Palace,19.0,2004.0,2.6,8.0,3.1,4.0,3.0,0.0,0.0,1.0,0.0,2.0,0.78,1.0,0.0,0.0,0.0,1.0,0.0,"1,84m",Derecho,15.00 
Nathan Fraser,Wolves,18.0,2005.0,2.1,6.0,2.92,5.0,0.0,0.0,1.0,0.0,0.0,0.0,0.0,0.0,0.0,0.0,0.0,0.0,0.0,"1,88m",Derecho,1.00 
Cody Gakpo,Liverpool,24.0,1999.0,18.3,73.0,3.98,47.0,1.0,6.0,12.0,5.0,2.0,10.0,0.55,6.0,0.0,1.0,2.0,1.0,0.0,"1,93m",Derecho,50.00 
Andre Gomes,Everton,30.0,1993.0,5.6,18.0,3.18,13.0,0.0,1.0,2.0,1.0,1.0,1.0,0.18,1.0,0.0,0.0,0.0,0.0,0.0,"1,90m",Derecho,10.00 
Sergio Gomez,Manchester City,22.0,2000.0,0.6,2.0,3.33,1.0,0.0,1.0,0.0,0.0,0.0,2.0,3.33,1.0,0.0,1.0,0.0,0.0,0.0,"1,71m",Izquierdo,10.00 
Kaide Gordon,Liverpool,18.0,2004.0,0.0,0.0,0.0,0.0,0.0,0.0,0.0,0.0,0.0,0.0,0.0,0.0,0.0,0.0,0.0,0.0,0.0,"1,73m",Izquierdo,1.20 
Jack Grealish,Manchester City,27.0,1995.0,11.2,54.0,4.82,46.0,0.0,1.0,2.0,5.0,0.0,4.0,0.36,4.0,0.0,0.0,0.0,0.0,0.0,"1,80m",Derecho,60.00 
Erling Haaland,Manchester City,23.0,2000.0,28.4,59.0,2.08,39.0,0.0,3.0,10.0,6.0,1.0,11.0,0.39,5.0,0.0,1.0,3.0,2.0,0.0,"1,95m",Izquierdo,180.00 
Jack Harrison,Everton,26.0,1996.0,24.6,66.0,2.68,46.0,2.0,3.0,7.0,6.0,2.0,7.0,0.28,5.0,0.0,0.0,1.0,1.0,0.0,"1,75m",Izquierdo,18.00 
Kai Havertz,Arsenal,24.0,1999.0,29.3,106.0,3.62,87.0,0.0,3.0,8.0,6.0,2.0,22.0,0.75,16.0,0.0,2.0,2.0,2.0,0.0,"1,93m",Izquierdo,70.00 
Alex Iwobi,Fulham,27.0,1996.0,24.4,103.0,4.23,87.0,0.0,6.0,9.0,0.0,1.0,10.0,0.41,8.0,0.0,0.0,2.0,0.0,0.0,"1,83m",Derecho,25.00 
Nicolas Jackson,Chelsea,22.0,2001.0,31.1,95.0,3.05,60.0,1.0,18.0,8.0,6.0,2.0,11.0,0.35,7.0,0.0,2.0,2.0,0.0,0.0,"1,87m",Derecho,35.00 
Gabriel Jesus,Arsenal,26.0,1997.0,16.4,59.0,3.59,37.0,1.0,9.0,5.0,3.0,4.0,8.0,0.49,4.0,1.0,1.0,1.0,1.0,0.0,"1,75m",Derecho,65.00 
Raul Jimenez,Fulham,32.0,1991.0,15.5,27.0,1.74,15.0,0.0,4.0,6.0,1.0,1.0,3.0,0.19,0.0,0.0,1.0,2.0,0.0,0.0,"1,87m",Derecho,5.00 
Diogo Jota,Liverpool,26.0,1996.0,12.7,48.0,3.77,36.0,0.0,5.0,3.0,4.0,0.0,14.0,1.1,7.0,0.0,4.0,1.0,2.0,0.0,"1,78m",Derecho,50.00 
Sasa Kalajdzic,Wolves,26.0,1997.0,1.8,5.0,2.71,5.0,0.0,0.0,0.0,0.0,0.0,0.0,0.0,0.0,0.0,0.0,0.0,0.0,0.0,"2,00m",Derecho,5.00 
Omari Kellyman,Aston Villa,17.0,2005.0,0.4,0.0,0.0,0.0,0.0,0.0,0.0,0.0,0.0,0.0,0.0,0.0,0.0,0.0,0.0,0.0,0.0,"1,91m",Izquierdo,1.00 
Justin Kluivert,Bournemouth,24.0,1999.0,21.3,59.0,2.77,37.0,0.0,9.0,6.0,4.0,3.0,5.0,0.23,3.0,0.0,1.0,0.0,0.0,1.0,"1,72m",Ambidiestro,14.00 
Keane Lewis-Potter,Brentford,22.0,2001.0,16.0,33.0,2.06,21.0,0.0,6.0,4.0,2.0,0.0,2.0,0.12,1.0,0.0,0.0,1.0,0.0,0.0,"1,70m",Derecho,15.00 
Ian Maatsen,Chelsea,21.0,2002.0,2.3,5.0,2.15,3.0,1.0,0.0,1.0,0.0,0.0,0.0,0.0,0.0,0.0,0.0,0.0,0.0,0.0,"1,78m",Izquierdo,40.00 
Noni Madueke,Chelsea,21.0,2002.0,11.7,51.0,4.35,34.0,1.0,8.0,2.0,6.0,0.0,8.0,0.68,4.0,0.0,1.0,0.0,3.0,0.0,"1,82m",Izquierdo,28.00 
Gabriel Martinelli,Arsenal,22.0,2001.0,22.4,92.0,4.1,63.0,6.0,12.0,8.0,1.0,2.0,11.0,0.49,7.0,1.0,1.0,2.0,0.0,0.0,"1,78m",Derecho,70.00 
Jean-Philippe Mateta,Crystal Palace,26.0,1997.0,25.4,65.0,2.56,48.0,0.0,5.0,6.0,4.0,2.0,12.0,0.47,8.0,0.0,1.0,1.0,2.0,0.0,"1,92m",Derecho,20.00 
Neal Maupay,Brentford,26.0,1996.0,14.7,40.0,2.72,31.0,0.0,2.0,6.0,0.0,1.0,5.0,0.34,5.0,0.0,0.0,0.0,0.0,0.0,"1,71m",Derecho,12.00 
Neal Maupay,Everton,26.0,1996.0,1.2,3.0,2.41,3.0,0.0,0.0,0.0,0.0,0.0,0.0,0.0,0.0,0.0,0.0,0.0,0.0,0.0,"1,71m",Derecho,12.00 
Bryan Mbeumo,Brentford,23.0,1999.0,21.8,82.0,3.77,45.0,23.0,2.0,5.0,7.0,0.0,10.0,0.46,9.0,1.0,0.0,0.0,0.0,0.0,"1,71m",Izquierdo,40.00 
John McGinn,Aston Villa,28.0,1994.0,33.3,106.0,3.18,88.0,9.0,6.0,2.0,1.0,0.0,14.0,0.42,11.0,1.0,2.0,0.0,0.0,0.0,"1,78m",Izquierdo,30.00 
Dwight McNeil,Everton,23.0,1999.0,32.1,130.0,4.05,77.0,33.0,5.0,6.0,6.0,3.0,9.0,0.28,3.0,4.0,0.0,1.0,1.0,0.0,"1,83m",Izquierdo,22.00 
Aleksandar Mitrovic,Fulham,28.0,1994.0,0.4,2.0,5.45,1.0,0.0,1.0,0.0,0.0,0.0,1.0,2.73,1.0,0.0,0.0,0.0,0.0,0.0,"1,89m",Derecho,28.00 
Kieffer Moore,Bournemouth,30.0,1992.0,1.2,5.0,4.17,5.0,0.0,0.0,0.0,0.0,0.0,0.0,0.0,0.0,0.0,0.0,0.0,0.0,0.0,"1,96m",Derecho,2.00 
Rodrigo Muniz,Fulham,22.0,2001.0,17.7,39.0,2.2,21.0,0.0,3.0,9.0,4.0,2.0,2.0,0.11,1.0,0.0,0.0,1.0,0.0,0.0,"1,86m",Derecho,20.00 
Reiss Nelson,Arsenal,23.0,1999.0,3.0,9.0,3.02,7.0,1.0,0.0,1.0,0.0,0.0,0.0,0.0,0.0,0.0,0.0,0.0,0.0,0.0,"1,75m",Derecho,15.00 
Pedro Neto,Wolves,23.0,2000.0,16.8,75.0,4.45,41.0,15.0,8.0,4.0,7.0,0.0,14.0,0.83,8.0,2.0,2.0,1.0,1.0,0.0,"1,74m",Izquierdo,55.00 
Eddie Nketiah,Arsenal,24.0,1999.0,12.0,28.0,2.33,17.0,0.0,3.0,5.0,3.0,0.0,8.0,0.67,3.0,0.0,1.0,1.0,3.0,0.0,"1,75m",Derecho,30.00 
Christopher Nkunku,Chelsea,25.0,1997.0,4.9,13.0,2.65,10.0,0.0,1.0,1.0,1.0,0.0,1.0,0.2,1.0,0.0,0.0,0.0,0.0,0.0,"1,77m",Derecho,65.00 
Darwin Nunez,Liverpool,24.0,1999.0,22.7,79.0,3.47,60.0,0.0,5.0,12.0,2.0,0.0,14.0,0.62,11.0,0.0,0.0,2.0,1.0,0.0,"1,87m",Derecho,70.00 
Ethan Nwaneri,Arsenal,16.0,2007.0,0.2,1.0,6.43,1.0,0.0,0.0,0.0,0.0,0.0,0.0,0.0,0.0,0.0,0.0,0.0,0.0,0.0,"1,76m",Izquierdo,8.00 
Michael Olakigbe,Brentford,19.0,2004.0,0.7,3.0,4.58,2.0,0.0,1.0,0.0,0.0,0.0,0.0,0.0,0.0,0.0,0.0,0.0,0.0,0.0,"1,80m",,0.6
Michael Olise,Crystal Palace,21.0,2001.0,14.2,82.0,5.79,44.0,15.0,11.0,5.0,7.0,0.0,14.0,0.99,11.0,1.0,2.0,0.0,0.0,0.0,"1,84m",Izquierdo,55.00 
Dango Ouattara,Bournemouth,21.0,2002.0,13.7,45.0,3.3,34.0,1.0,4.0,2.0,1.0,3.0,3.0,0.22,3.0,0.0,0.0,0.0,0.0,0.0,"1,77m",Izquierdo,20.00 
Cole Palmer,Chelsea,21.0,2002.0,29.0,162.0,5.59,116.0,12.0,14.0,10.0,5.0,5.0,26.0,0.9,20.0,0.0,1.0,2.0,1.0,2.0,"1,85m",Izquierdo,80.00 
Jacob Ramsey,Aston Villa,22.0,2001.0,9.5,29.0,3.06,23.0,2.0,1.0,2.0,0.0,1.0,3.0,0.32,2.0,1.0,0.0,0.0,0.0,0.0,"1,80m",Derecho,35.00 
Jairo Riedewald,Crystal Palace,26.0,1996.0,2.6,1.0,0.38,1.0,0.0,0.0,0.0,0.0,0.0,0.0,0.0,0.0,0.0,0.0,0.0,0.0,0.0,"1,82m",Izquierdo,3.00 
Morgan Rogers,Aston Villa,21.0,2002.0,7.1,23.0,3.25,18.0,0.0,3.0,0.0,2.0,0.0,4.0,0.57,2.0,0.0,1.0,0.0,1.0,0.0,"1,87m",Derecho,15.00 
Dominic Sadi,Bournemouth,19.0,2003.0,0.0,0.0,0.0,0.0,0.0,0.0,0.0,0.0,0.0,0.0,0.0,0.0,0.0,0.0,0.0,0.0,0.0,"1,74m",Izquierdo,0.1
Bukayo Saka,Arsenal,21.0,2001.0,32.4,188.0,5.8,137.0,26.0,10.0,9.0,4.0,2.0,21.0,0.65,16.0,2.0,1.0,1.0,1.0,0.0,"1,78m",Izquierdo,140.00 
Mohamed Salah,Liverpool,31.0,1992.0,28.2,139.0,4.94,103.0,2.0,7.0,21.0,5.0,1.0,20.0,0.71,14.0,0.0,2.0,3.0,1.0,0.0,"1,75m",Izquierdo,55.00 
Jadon Sancho,Manchester Utd,23.0,2000.0,0.9,4.0,4.62,1.0,1.0,0.0,0.0,1.0,1.0,1.0,1.15,0.0,1.0,0.0,0.0,0.0,0.0,"1,80m",Derecho,30.00 
Pablo Sarabia,Wolves,31.0,1992.0,19.4,87.0,4.49,49.0,26.0,2.0,4.0,5.0,1.0,11.0,0.57,7.0,4.0,0.0,0.0,0.0,0.0,"1,74m",Izquierdo,10.00 
Dane Scarlett,Tottenham,19.0,2004.0,0.2,1.0,4.09,0.0,0.0,0.0,0.0,0.0,1.0,0.0,0.0,0.0,0.0,0.0,0.0,0.0,0.0,"1,80m",Derecho,1.80 
Kevin Schade,Brentford,21.0,2001.0,3.7,12.0,3.22,8.0,0.0,1.0,1.0,2.0,0.0,3.0,0.81,2.0,0.0,0.0,0.0,1.0,0.0,"1,85m",Derecho,22.00 
Jeffrey Schlupp,Crystal Palace,30.0,1992.0,15.0,28.0,1.86,21.0,0.0,2.0,1.0,2.0,2.0,3.0,0.2,3.0,0.0,0.0,0.0,0.0,0.0,"1,78m",Izquierdo,7.00 
Antoine Semenyo,Bournemouth,23.0,2000.0,23.4,72.0,3.08,50.0,0.0,11.0,9.0,1.0,1.0,7.0,0.3,4.0,0.0,0.0,1.0,1.0,1.0,"1,85m",Derecho,10.00 
Bernardo Silva,Manchester City,28.0,1994.0,28.6,130.0,4.54,117.0,3.0,6.0,1.0,3.0,0.0,13.0,0.45,11.0,0.0,2.0,0.0,0.0,0.0,"1,73m",Izquierdo,70.00 
Fabio Silva,Wolves,21.0,2002.0,2.9,9.0,3.08,6.0,0.0,1.0,1.0,1.0,0.0,0.0,0.0,0.0,0.0,0.0,0.0,0.0,0.0,"1,85m",Derecho,11.00 
Luis Sinisterra,Bournemouth,24.0,1999.0,7.8,42.0,5.42,27.0,0.0,9.0,4.0,0.0,2.0,3.0,0.39,0.0,0.0,0.0,3.0,0.0,0.0,"1,72m",Derecho,17.00 
Dominic Solanke,Bournemouth,25.0,1997.0,36.9,79.0,2.14,61.0,0.0,6.0,5.0,4.0,3.0,6.0,0.16,4.0,0.0,2.0,0.0,0.0,0.0,"1,86m",Derecho,40.00 
Raheem Sterling,Chelsea,28.0,1994.0,22.0,85.0,3.87,55.0,0.0,15.0,4.0,7.0,4.0,14.0,0.64,7.0,0.0,4.0,0.0,3.0,0.0,"1,70m",Derecho,35.00 
Jimi Tauriainen,Chelsea,19.0,2004.0,0.0,0.0,0.0,0.0,0.0,0.0,0.0,0.0,0.0,0.0,0.0,0.0,0.0,0.0,0.0,0.0,0.0,"1,88m",Izquierdo,0.2
Marcus Tavernier,Bournemouth,24.0,1999.0,23.5,101.0,4.29,72.0,14.0,5.0,5.0,4.0,1.0,9.0,0.38,6.0,2.0,0.0,0.0,1.0,0.0,"1,78m",Izquierdo,20.00 
Youri Tielemans,Aston Villa,26.0,1997.0,18.0,49.0,2.72,40.0,1.0,1.0,3.0,2.0,2.0,16.0,0.89,14.0,0.0,0.0,1.0,0.0,1.0,"1,77m",Derecho,25.00 
Ivan Toney,Brentford,27.0,1996.0,16.1,39.0,2.42,22.0,5.0,4.0,4.0,4.0,0.0,6.0,0.37,4.0,0.0,1.0,1.0,0.0,0.0,"1,85m",Derecho,50.00 
Adama Traore,Fulham,27.0,1996.0,4.2,14.0,3.34,12.0,0.0,1.0,1.0,0.0,0.0,5.0,1.19,4.0,0.0,1.0,0.0,0.0,0.0,"1,78m",Derecho,9.00 
Bertrand Traore,Aston Villa,27.0,1995.0,0.1,0.0,0.0,0.0,0.0,0.0,0.0,0.0,0.0,0.0,0.0,0.0,0.0,0.0,0.0,0.0,0.0,"1,81m",Izquierdo,9.00 
Leandro Trossard,Arsenal,28.0,1994.0,18.3,65.0,3.55,46.0,3.0,7.0,5.0,4.0,0.0,6.0,0.33,1.0,1.0,2.0,0.0,2.0,0.0,"1,72m",Derecho,35.00 
Enes Unal,Bournemouth,26.0,1997.0,3.6,12.0,3.28,4.0,0.0,1.0,5.0,1.0,1.0,3.0,0.82,1.0,0.0,0.0,2.0,0.0,0.0,"1,87m",Derecho,18.00 
Fabio Vieira,Arsenal,23.0,2000.0,3.3,12.0,3.64,7.0,1.0,0.0,1.0,3.0,0.0,5.0,1.52,1.0,1.0,0.0,0.0,3.0,0.0,"1,70m",Izquierdo,22.00 
Carlos Vinicius,Fulham,28.0,1995.0,3.5,9.0,2.57,8.0,0.0,1.0,0.0,0.0,0.0,1.0,0.29,1.0,0.0,0.0,0.0,0.0,0.0,"1,90m",Izquierdo,4.00 
Lewis Warrington,Everton,20.0,2002.0,0.0,0.0,0.0,0.0,0.0,0.0,0.0,0.0,0.0,0.0,0.0,0.0,0.0,0.0,0.0,0.0,0.0,"1,82m",Derecho,0.5
Deivid Washington,Chelsea,18.0,2005.0,0.1,0.0,0.0,0.0,0.0,0.0,0.0,0.0,0.0,0.0,0.0,0.0,0.0,0.0,0.0,0.0,0.0,"1,87m",Derecho,9.00 
Ollie Watkins,Aston Villa,27.0,1995.0,35.7,100.0,2.8,70.0,0.0,7.0,18.0,4.0,1.0,26.0,0.73,15.0,0.0,2.0,7.0,2.0,0.0,"1,80m",Derecho,65.00 
Willian,Fulham,34.0,1988.0,22.8,111.0,4.87,81.0,15.0,4.0,9.0,2.0,0.0,10.0,0.44,10.0,0.0,0.0,0.0,0.0,0.0,"1,75m",Derecho,3.00 
Harry Wilson,Fulham,26.0,1997.0,18.0,65.0,3.61,42.0,4.0,5.0,4.0,8.0,2.0,10.0,0.56,9.0,0.0,0.0,0.0,1.0,0.0,"1,73m",Izquierdo,17.00 
Yoane Wissa,Brentford,26.0,1996.0,27.7,64.0,2.31,43.0,1.0,4.0,7.0,7.0,2.0,10.0,0.36,6.0,0.0,1.0,1.0,2.0,0.0,"1,76m",Derecho,28.00 
Nicolo Zaniolo,Aston Villa,24.0,1999.0,9.3,30.0,3.23,20.0,0.0,2.0,6.0,1.0,1.0,3.0,0.32,3.0,0.0,0.0,0.0,0.0,0.0,"1,90m",Izquierdo,20.00 
Selim Amallah,Valencia,26.0,1996.0,6.7,14.0,2.09,7.0,0.0,3.0,0.0,4.0,0.0,1.0,0.15,1.0,0.0,0.0,0.0,0.0,0.0,"1,85m",Derecho,1.50 
Cedric Bakambu,Betis,32.0,1991.0,2.2,5.0,2.32,3.0,0.0,0.0,1.0,1.0,0.0,0.0,0.0,0.0,0.0,0.0,0.0,0.0,0.0,"1,82m",Derecho,2.50 
Kike Barja,Osasuna,26.0,1997.0,3.4,12.0,3.56,9.0,0.0,1.0,1.0,1.0,0.0,1.0,0.3,1.0,0.0,0.0,0.0,0.0,0.0,"1,79m",Derecho,2.00 
Ander Barrenetxea,Real Sociedad,21.0,2001.0,15.9,41.0,2.58,27.0,1.0,7.0,2.0,2.0,2.0,4.0,0.25,2.0,0.0,0.0,2.0,0.0,0.0,"1,75m",Derecho,20.00 
Bebe,Rayo Vallecano,33.0,1990.0,2.4,8.0,3.4,3.0,3.0,0.0,2.0,0.0,0.0,0.0,0.0,0.0,0.0,0.0,0.0,0.0,0.0,"1,90m",Derecho,0.6
Sheraldo Becker,Real Sociedad,28.0,1995.0,8.6,19.0,2.22,14.0,1.0,1.0,3.0,0.0,0.0,5.0,0.58,4.0,0.0,0.0,1.0,0.0,0.0,"1,80m",Derecho,10.00 
Ante Budimir,Osasuna,32.0,1991.0,27.1,42.0,1.55,21.0,1.0,3.0,7.0,8.0,2.0,5.0,0.18,2.0,0.0,0.0,1.0,2.0,0.0,"1,90m",Izquierdo,5.00 
Sergio Camello,Rayo Vallecano,22.0,2001.0,18.5,46.0,2.49,33.0,0.0,5.0,5.0,2.0,1.0,6.0,0.32,2.0,0.0,3.0,1.0,0.0,0.0,"1,82m",Derecho,3.00 
Sergi Canos,Valencia,26.0,1997.0,13.7,32.0,2.35,20.0,0.0,5.0,4.0,2.0,1.0,2.0,0.15,2.0,0.0,0.0,0.0,0.0,0.0,"1,77m",Derecho,2.50 
Angel Correa,Atlético Madrid,28.0,1995.0,17.0,68.0,4.0,48.0,2.0,11.0,3.0,2.0,2.0,11.0,0.65,8.0,0.0,2.0,0.0,0.0,1.0,"1,71m",Derecho,18.00 
Juan Cruz,Betis,23.0,2000.0,0.8,5.0,5.92,3.0,0.0,2.0,0.0,0.0,0.0,0.0,0.0,0.0,0.0,0.0,0.0,0.0,0.0,"1,80m",Izquierdo,1.50 
Juan Cruz,Betis,23.0,2000.0,0.8,5.0,5.92,3.0,0.0,2.0,0.0,0.0,0.0,0.0,0.0,0.0,0.0,0.0,0.0,0.0,0.0,"1,82m",Izquierdo,2.20 
Assane Diao,Betis,17.0,2005.0,11.6,23.0,1.98,17.0,0.0,0.0,5.0,0.0,1.0,0.0,0.0,0.0,0.0,0.0,0.0,0.0,0.0,"1,85m",Derecho,12.00 
Mario Dominguez,Valencia,19.0,2004.0,0.3,0.0,0.0,0.0,0.0,0.0,0.0,0.0,0.0,0.0,0.0,0.0,0.0,0.0,0.0,0.0,0.0,"1,75m",,0.2
Hugo Duro,Valencia,23.0,1999.0,33.1,49.0,1.48,25.0,0.0,4.0,5.0,14.0,1.0,9.0,0.27,4.0,0.0,1.0,1.0,3.0,0.0,"1,77m",Izquierdo,16.00 
Abde Ezzalzouli,Barcelona,21.0,2001.0,0.8,2.0,2.65,2.0,0.0,0.0,0.0,0.0,0.0,0.0,0.0,0.0,0.0,0.0,0.0,0.0,0.0,"1,77m",Derecho,9.00 
Abde Ezzalzouli,Betis,21.0,2001.0,9.6,20.0,2.08,12.0,1.0,3.0,1.0,3.0,0.0,2.0,0.21,1.0,1.0,0.0,0.0,0.0,0.0,"1,77m",Derecho,9.00 
Radamel Falcao,Rayo Vallecano,37.0,1986.0,4.5,13.0,2.87,8.0,0.0,0.0,1.0,3.0,1.0,0.0,0.0,0.0,0.0,0.0,0.0,0.0,0.0,"1,77m",Derecho,0.8
Nabil Fekir,Betis,30.0,1993.0,11.7,60.0,5.14,38.0,11.0,3.0,3.0,5.0,0.0,3.0,0.26,2.0,0.0,1.0,0.0,0.0,0.0,"1,73m",Izquierdo,10.00 
Joao Felix,Barcelona,23.0,1999.0,17.1,62.0,3.62,43.0,0.0,7.0,9.0,2.0,1.0,9.0,0.53,4.0,0.0,2.0,3.0,0.0,0.0,"1,81m",Derecho,30.00 
Carlos Fernandez,Real Sociedad,27.0,1996.0,4.5,3.0,0.66,2.0,0.0,0.0,0.0,0.0,1.0,1.0,0.22,1.0,0.0,0.0,0.0,0.0,0.0,"1,85m",Izquierdo,1.50 
Pablo Fornals,Betis,27.0,1996.0,12.8,45.0,3.53,37.0,3.0,2.0,2.0,1.0,0.0,6.0,0.47,5.0,0.0,0.0,1.0,0.0,0.0,"1,78m",Derecho,14.00 
Jorge de Frutos,Rayo Vallecano,26.0,1997.0,17.2,51.0,2.96,38.0,3.0,4.0,3.0,2.0,1.0,1.0,0.06,0.0,0.0,0.0,1.0,0.0,0.0,"1,73m",Derecho,4.00 
Alvaro Garcia,Rayo Vallecano,30.0,1992.0,27.5,79.0,2.87,58.0,5.0,3.0,4.0,6.0,3.0,5.0,0.18,4.0,0.0,0.0,0.0,1.0,0.0,"1,92m",,0.15
Alvaro Garcia,Rayo Vallecano,30.0,1992.0,27.5,79.0,2.87,58.0,5.0,3.0,4.0,6.0,3.0,5.0,0.18,4.0,0.0,0.0,0.0,1.0,0.0,"1,67m",Ambidiestro,3.00 
Raul Garcia,Athletic Club,37.0,1986.0,4.7,4.0,0.86,3.0,0.0,0.0,0.0,0.0,1.0,0.0,0.0,0.0,0.0,0.0,0.0,0.0,0.0,"1,92m",Derecho,4.00 
Ruben Garcia,Osasuna,30.0,1993.0,17.2,65.0,3.79,36.0,14.0,7.0,2.0,6.0,0.0,5.0,0.29,4.0,0.0,0.0,0.0,1.0,0.0,"1,72m",Izquierdo,2.50 
Moi Gomez,Osasuna,29.0,1994.0,22.3,60.0,2.69,42.0,12.0,3.0,1.0,2.0,0.0,2.0,0.09,0.0,1.0,0.0,1.0,0.0,0.0,"1,76m",Derecho,3.50 
Hugo Gonzalez,Valencia,20.0,2003.0,1.0,5.0,5.11,2.0,2.0,0.0,0.0,1.0,0.0,1.0,1.02,1.0,0.0,0.0,0.0,0.0,0.0,"1,77m",Derecho,0.3
Pablo Gozalbez,Valencia,22.0,2001.0,1.1,1.0,0.87,1.0,0.0,0.0,0.0,0.0,0.0,0.0,0.0,0.0,0.0,0.0,0.0,0.0,0.0,"1,71m",Derecho,0.8
Antoine Griezmann,Atlético Madrid,32.0,1991.0,29.4,107.0,3.64,68.0,21.0,4.0,10.0,2.0,2.0,11.0,0.37,10.0,0.0,0.0,1.0,0.0,0.0,"1,76m",Izquierdo,25.00 
Ianis Hagi,Alavés,24.0,1998.0,8.9,48.0,5.37,26.0,15.0,3.0,3.0,1.0,0.0,1.0,0.11,1.0,0.0,0.0,0.0,0.0,0.0,"1,82m",Ambidiestro,2.00 
Luiz Henrique,Betis,22.0,2001.0,6.8,30.0,4.38,20.0,0.0,6.0,4.0,0.0,0.0,5.0,0.73,3.0,0.0,2.0,0.0,0.0,0.0,"1,82m",Izquierdo,12.00 
Borja Iglesias,Betis,30.0,1993.0,4.5,20.0,4.42,17.0,0.0,0.0,3.0,0.0,0.0,1.0,0.22,1.0,0.0,0.0,0.0,0.0,0.0,"1,87m",Derecho,5.00 
Willian Jose,Betis,31.0,1991.0,21.9,42.0,1.92,37.0,0.0,1.0,3.0,0.0,1.0,7.0,0.32,6.0,0.0,0.0,0.0,0.0,1.0,"1,86m",Derecho,5.00 
Jon Karrikaburu,Alavés,20.0,2002.0,0.2,0.0,0.0,0.0,0.0,0.0,0.0,0.0,0.0,0.0,0.0,0.0,0.0,0.0,0.0,0.0,0.0,"1,83m",Derecho,2.50 
Takefusa Kubo,Real Sociedad,22.0,2001.0,23.9,110.0,4.61,66.0,23.0,10.0,5.0,6.0,0.0,7.0,0.29,4.0,2.0,1.0,0.0,0.0,0.0,"1,73m",Izquierdo,50.00 
Cyle Larin,Mallorca,28.0,1995.0,20.3,26.0,1.29,16.0,0.0,2.0,5.0,3.0,0.0,4.0,0.2,1.0,0.0,0.0,1.0,2.0,0.0,"1,88m",Derecho,4.00 
Diego Lopez,Valencia,21.0,2002.0,29.5,79.0,2.68,65.0,0.0,5.0,2.0,3.0,4.0,11.0,0.37,9.0,0.0,1.0,1.0,0.0,0.0,"1,72m",Derecho,14.00 
Jon Magunazelaia,Real Sociedad,22.0,2001.0,1.3,3.0,2.23,1.0,0.0,1.0,0.0,1.0,0.0,0.0,0.0,0.0,0.0,0.0,0.0,0.0,0.0,"1,80m",Derecho,1.00 
Alberto Mari,Valencia,22.0,2001.0,3.1,8.0,2.62,6.0,0.0,0.0,1.0,1.0,0.0,3.0,0.98,1.0,0.0,0.0,1.0,1.0,0.0,"1,83m",Derecho,1.50 
Brais Mendez,Real Sociedad,26.0,1997.0,26.8,101.0,3.77,57.0,20.0,5.0,10.0,7.0,2.0,16.0,0.6,10.0,0.0,3.0,1.0,2.0,0.0,"1,84m",Izquierdo,40.00 
Alvaro Morata,Atlético Madrid,30.0,1992.0,21.2,40.0,1.89,25.0,0.0,6.0,4.0,5.0,0.0,10.0,0.47,5.0,0.0,4.0,0.0,1.0,0.0,"1,89m",Derecho,16.00 
Vedat Muriqi,Mallorca,29.0,1994.0,25.9,52.0,2.01,43.0,0.0,2.0,6.0,1.0,0.0,3.0,0.12,2.0,0.0,0.0,1.0,0.0,0.0,"1,94m",Izquierdo,12.00 
Alvaro Negredo,Cádiz,37.0,1985.0,0.6,3.0,5.0,2.0,0.0,0.0,1.0,0.0,0.0,0.0,0.0,0.0,0.0,0.0,0.0,0.0,0.0,"1,86m",Izquierdo,0.3
Randy Nteka,Rayo Vallecano,25.0,1997.0,6.4,19.0,2.99,11.0,0.0,2.0,2.0,4.0,0.0,1.0,0.16,0.0,0.0,0.0,0.0,1.0,0.0,"1,89m",Izquierdo,1.50 
Mikel Oyarzabal,Real Sociedad,26.0,1997.0,24.0,41.0,1.71,27.0,1.0,4.0,5.0,2.0,2.0,4.0,0.17,3.0,0.0,1.0,0.0,0.0,0.0,"1,81m",Izquierdo,45.00 
Joaquin Panichelli,Alavés,20.0,2002.0,2.5,6.0,2.39,4.0,0.0,0.0,2.0,0.0,0.0,0.0,0.0,0.0,0.0,0.0,0.0,0.0,0.0,"1,87m",Derecho,0.3
Victor Parada,Alavés,21.0,2002.0,0.0,0.0,0.0,0.0,0.0,0.0,0.0,0.0,0.0,0.0,0.0,0.0,0.0,0.0,0.0,0.0,0.0,"1,85m",Izquierdo,0.2
Ruben Pena,Osasuna,32.0,1991.0,23.2,61.0,2.63,49.0,1.0,6.0,2.0,2.0,1.0,3.0,0.13,2.0,0.0,0.0,1.0,0.0,0.0,"1,70m",Derecho,2.20 
Ayoze Perez,Betis,30.0,1993.0,25.5,90.0,3.53,55.0,0.0,12.0,12.0,6.0,5.0,5.0,0.2,2.0,0.0,1.0,0.0,1.0,1.0,"1,78m",Derecho,7.00 
Kike Perez,Rayo Vallecano,26.0,1997.0,9.3,27.0,2.91,20.0,0.0,0.0,1.0,6.0,0.0,1.0,0.11,1.0,0.0,0.0,0.0,0.0,0.0,"1,84m",Izquierdo,3.00 
Abdon Prats,Mallorca,30.0,1992.0,14.1,23.0,1.63,16.0,1.0,1.0,3.0,1.0,1.0,3.0,0.21,3.0,0.0,0.0,0.0,0.0,0.0,"1,81m",Izquierdo,1.80 
Luis Rioja,Alavés,29.0,1993.0,27.8,81.0,2.92,57.0,14.0,5.0,3.0,2.0,0.0,7.0,0.25,6.0,1.0,0.0,0.0,0.0,0.0,"1,76m",Izquierdo,4.00 
Rodri,Betis,23.0,2000.0,11.7,33.0,2.83,24.0,1.0,3.0,2.0,3.0,0.0,0.0,0.0,0.0,0.0,0.0,0.0,0.0,0.0,"1,91m",Derecho,120.00 
Luka Romero,Almería,18.0,2004.0,4.9,10.0,2.05,6.0,0.0,2.0,1.0,1.0,0.0,4.0,0.82,2.0,0.0,1.0,1.0,0.0,0.0,"1,69m",Izquierdo,5.00 
Aitor Ruibal,Betis,27.0,1996.0,11.3,33.0,2.92,27.0,1.0,2.0,1.0,1.0,1.0,3.0,0.27,3.0,0.0,0.0,0.0,0.0,0.0,"1,76m",Derecho,3.50 
Umar Sadiq,Real Sociedad,26.0,1997.0,12.0,23.0,1.92,10.0,0.0,6.0,4.0,2.0,1.0,2.0,0.17,1.0,0.0,1.0,0.0,0.0,0.0,"1,91m",Derecho,10.00 
Andre Silva,Real Sociedad,27.0,1995.0,8.1,9.0,1.11,9.0,0.0,0.0,0.0,0.0,0.0,0.0,0.0,0.0,0.0,0.0,0.0,0.0,0.0,"1,86m",Derecho,6.00 
Giuliano Simeone,Alavés,20.0,2002.0,7.0,22.0,3.14,14.0,0.0,0.0,5.0,2.0,1.0,4.0,0.57,2.0,0.0,0.0,1.0,1.0,0.0,"1,73m",Derecho,3.00 
Alex Sola,Alavés,24.0,1999.0,14.0,69.0,4.92,32.0,7.0,16.0,6.0,7.0,1.0,4.0,0.29,2.0,1.0,1.0,0.0,0.0,0.0,"1,78m",Derecho,4.00 
Max Svensson,Osasuna,0.0,0.0,0.0,0.0,0.0,0.0,0.0,0.0,0.0,0.0,0.0,0.0,0.0,0.0,0.0,0.0,0.0,0.0,0.0,"1,82m",Derecho,0.4
Mamadou Sylla,Alavés,29.0,1994.0,0.2,0.0,0.0,0.0,0.0,0.0,0.0,0.0,0.0,0.0,0.0,0.0,0.0,0.0,0.0,0.0,0.0,"1,80m",Derecho,1.50 
Raul de Tomas,Rayo Vallecano,28.0,1994.0,14.1,22.0,1.56,11.0,0.0,1.0,7.0,3.0,0.0,3.0,0.21,3.0,0.0,0.0,0.0,0.0,0.0,"1,80m",Derecho,2.00 
Oscar Trejo,Rayo Vallecano,35.0,1988.0,15.3,73.0,4.77,50.0,4.0,5.0,3.0,10.0,1.0,5.0,0.33,2.0,0.0,0.0,2.0,1.0,0.0,"1,80m",Derecho,1.00 
Enes Unal,Getafe,26.0,1997.0,1.6,5.0,3.21,4.0,0.0,0.0,0.0,1.0,0.0,1.0,0.64,1.0,0.0,0.0,0.0,0.0,0.0,"1,87m",Derecho,18.00 
Carlos Vicente,Alavés,24.0,1999.0,12.4,48.0,3.87,26.0,13.0,4.0,2.0,3.0,0.0,5.0,0.4,3.0,1.0,1.0,0.0,0.0,0.0,"1,79m",Derecho,4.00 
Nacho Vidal,Osasuna,28.0,1995.0,1.1,1.0,0.94,1.0,0.0,0.0,0.0,0.0,0.0,0.0,0.0,0.0,0.0,0.0,0.0,0.0,0.0,"1,80m",Derecho,2.00 
Roman Yaremchuk,Valencia,27.0,1995.0,10.3,11.0,1.07,7.0,1.0,1.0,1.0,1.0,0.0,1.0,0.1,0.0,0.0,1.0,0.0,0.0,0.0,"1,91m",Derecho,3.50 
Arsen Zakharyan,Real Sociedad,20.0,2003.0,13.6,58.0,4.25,27.0,19.0,5.0,5.0,2.0,0.0,4.0,0.29,2.0,1.0,0.0,1.0,0.0,0.0,"1,83m",Derecho,18.00 
Bryan Zaragoza,Granada,22.0,2001.0,18.2,69.0,3.79,33.0,8.0,16.0,4.0,7.0,1.0,5.0,0.27,2.0,1.0,1.0,0.0,1.0,0.0,"1,64m",Derecho,12.00 
Tammy Abraham,Roma,25.0,1997.0,2.7,3.0,1.12,1.0,0.0,0.0,0.0,1.0,1.0,1.0,0.37,0.0,0.0,0.0,0.0,1.0,0.0,"1,94m",Derecho,30.00 
Houssem Aouar,Roma,25.0,1998.0,8.4,21.0,2.5,12.0,4.0,1.0,2.0,2.0,0.0,0.0,0.0,0.0,0.0,0.0,0.0,0.0,0.0,"1,75m",Derecho,10.00 
Sardar Azmoun,Roma,28.0,1995.0,6.5,18.0,2.77,10.0,0.0,1.0,5.0,2.0,0.0,5.0,0.77,1.0,0.0,0.0,2.0,2.0,0.0,"1,86m",Ambidiestro,8.00 
Tommaso Baldanzi,Empoli,20.0,2003.0,8.3,36.0,4.35,24.0,4.0,3.0,1.0,4.0,0.0,2.0,0.24,2.0,0.0,0.0,0.0,0.0,0.0,"1,70m",Izquierdo,15.00 
Tommaso Baldanzi,Roma,20.0,2003.0,5.8,23.0,4.0,12.0,0.0,4.0,3.0,4.0,0.0,1.0,0.17,0.0,0.0,0.0,1.0,0.0,0.0,"1,70m",Izquierdo,15.00 
Antonin Barak,Fiorentina,28.0,1994.0,9.0,30.0,3.34,23.0,0.0,1.0,5.0,0.0,1.0,3.0,0.33,3.0,0.0,0.0,0.0,0.0,0.0,"1,90m",Izquierdo,4.50 
Andrea Belotti,Fiorentina,29.0,1993.0,10.5,25.0,2.37,15.0,0.0,0.0,5.0,5.0,0.0,1.0,0.09,1.0,0.0,0.0,0.0,0.0,0.0,"1,81m",Derecho,5.00 
Andrea Belotti,Roma,29.0,1993.0,7.5,23.0,3.05,11.0,0.0,3.0,3.0,5.0,1.0,6.0,0.8,3.0,0.0,2.0,1.0,0.0,0.0,"1,81m",Derecho,5.00 
Lucas Beltran,Fiorentina,22.0,2001.0,18.8,56.0,2.98,39.0,0.0,2.0,8.0,6.0,1.0,10.0,0.53,5.0,0.0,1.0,3.0,1.0,0.0,"1,76m",Derecho,16.00 
Beto,Udinese,25.0,1998.0,0.8,6.0,7.3,6.0,0.0,0.0,0.0,0.0,0.0,0.0,0.0,0.0,0.0,0.0,0.0,0.0,0.0,"1,94m",Derecho,20.00 
Josip Brekalo,Fiorentina,25.0,1998.0,7.2,19.0,2.62,15.0,2.0,1.0,0.0,1.0,0.0,3.0,0.41,2.0,0.0,0.0,0.0,1.0,0.0,"1,75m",Derecho,3.50 
Francesco Camarda,Milan,15.0,2008.0,0.2,0.0,0.0,0.0,0.0,0.0,0.0,0.0,0.0,0.0,0.0,0.0,0.0,0.0,0.0,0.0,0.0,"1,89m",Derecho,10.00 
Nicolo Cambiaghi,Empoli,22.0,2000.0,28.4,93.0,3.28,57.0,6.0,4.0,6.0,18.0,2.0,4.0,0.14,2.0,0.0,0.0,0.0,2.0,0.0,"1,73m",Derecho,7.00 
Matteo Cancellieri,Empoli,21.0,2002.0,19.9,54.0,2.72,27.0,1.0,10.0,6.0,9.0,1.0,6.0,0.3,2.0,0.0,2.0,0.0,2.0,0.0,"1,85m",Izquierdo,4.80 
Gianluca Caprari,Monza,30.0,1993.0,3.2,16.0,5.03,11.0,3.0,1.0,1.0,0.0,0.0,0.0,0.0,0.0,0.0,0.0,0.0,0.0,0.0,"1,71m",Derecho,4.00 
Francesco Caputo,Empoli,35.0,1987.0,14.1,26.0,1.85,22.0,0.0,0.0,4.0,0.0,0.0,0.0,0.0,0.0,0.0,0.0,0.0,0.0,0.0,"1,81m",Derecho,1.00 
Valentin Carboni,Monza,18.0,2005.0,13.0,42.0,3.23,36.0,2.0,1.0,1.0,0.0,2.0,4.0,0.31,3.0,0.0,0.0,1.0,0.0,0.0,"1,85m",Izquierdo,15.00 
Gaetano Castrovilli,Fiorentina,26.0,1997.0,4.1,10.0,2.45,9.0,0.0,0.0,0.0,1.0,0.0,4.0,0.98,3.0,0.0,0.0,0.0,1.0,0.0,"1,87m",Derecho,7.00 
Alberto Cerri,Empoli,27.0,1996.0,6.1,8.0,1.32,6.0,0.0,0.0,2.0,0.0,0.0,1.0,0.16,0.0,0.0,0.0,1.0,0.0,0.0,"1,94m",Derecho,1.70 
Samuel Chukwueze,Milan,24.0,1999.0,11.3,48.0,4.25,32.0,0.0,9.0,5.0,2.0,0.0,7.0,0.62,5.0,0.0,1.0,1.0,0.0,0.0,"1,72m",Izquierdo,20.00 
Lorenzo Colombo,Monza,21.0,2002.0,15.1,28.0,1.85,19.0,0.0,4.0,3.0,2.0,0.0,6.0,0.4,4.0,0.0,2.0,0.0,0.0,0.0,"1,83m",Izquierdo,6.00 
Andrea Colpani,Monza,24.0,1999.0,29.5,120.0,4.06,79.0,20.0,8.0,5.0,7.0,1.0,10.0,0.34,8.0,0.0,2.0,0.0,0.0,0.0,"1,84m",Izquierdo,18.00 
Pietro Comuzzo,Fiorentina,18.0,2005.0,0.5,0.0,0.0,0.0,0.0,0.0,0.0,0.0,0.0,0.0,0.0,0.0,0.0,0.0,0.0,0.0,0.0,"1,85m",Derecho,0.7
Giacomo Corona,Empoli,19.0,2004.0,0.1,0.0,0.0,0.0,0.0,0.0,0.0,0.0,0.0,0.0,0.0,0.0,0.0,0.0,0.0,0.0,0.0,"1,95m",Derecho,0.4
Joao Costa,Roma,18.0,2005.0,0.2,2.0,12.86,2.0,0.0,0.0,0.0,0.0,0.0,0.0,0.0,0.0,0.0,0.0,0.0,0.0,0.0,"1,78m",Izquierdo,1.00 
Juan Cruz,Hellas Verona,24.0,1999.0,1.2,3.0,2.48,2.0,0.0,0.0,0.0,0.0,1.0,0.0,0.0,0.0,0.0,0.0,0.0,0.0,0.0,"1,80m",Izquierdo,1.50 
Juan Cruz,Hellas Verona,24.0,1999.0,1.2,3.0,2.48,2.0,0.0,0.0,0.0,0.0,1.0,0.0,0.0,0.0,0.0,0.0,0.0,0.0,0.0,"1,82m",Izquierdo,2.20 
Mattia Destro,Empoli,32.0,1991.0,4.1,4.0,0.98,1.0,0.0,0.0,1.0,1.0,1.0,0.0,0.0,0.0,0.0,0.0,0.0,0.0,0.0,"1,82m",Derecho,0.5
Paulo Dybala,Roma,29.0,1993.0,21.8,95.0,4.36,56.0,25.0,3.0,4.0,6.0,1.0,19.0,0.87,12.0,4.0,2.0,0.0,1.0,0.0,"1,77m",Izquierdo,20.00 
Emmanuel Ekong,Empoli,21.0,2002.0,0.1,1.0,18.0,1.0,0.0,0.0,0.0,0.0,0.0,0.0,0.0,0.0,0.0,0.0,0.0,0.0,0.0,"1,81m",Derecho,0.5
Caleb Ekuban,Genoa,29.0,1994.0,12.6,35.0,2.79,17.0,0.0,5.0,4.0,9.0,0.0,3.0,0.24,1.0,0.0,1.0,0.0,1.0,0.0,"1,82m",Derecho,1.50 
Seydou Fini,Genoa,17.0,2006.0,0.4,1.0,2.5,1.0,0.0,0.0,0.0,0.0,0.0,0.0,0.0,0.0,0.0,0.0,0.0,0.0,0.0,"1,78m",Izquierdo,1.00 
Olivier Giroud,Milan,36.0,1986.0,26.3,51.0,1.94,41.0,0.0,0.0,9.0,0.0,1.0,13.0,0.5,9.0,0.0,0.0,4.0,0.0,0.0,"1,92m",Izquierdo,3.00 
Papu Gomez,Monza,35.0,1988.0,0.5,5.0,10.98,4.0,1.0,0.0,0.0,0.0,0.0,0.0,0.0,0.0,0.0,0.0,0.0,0.0,0.0,"1,67m",Derecho,0
Emmanuel Gyasi,Empoli,29.0,1994.0,20.9,27.0,1.29,17.0,2.0,1.0,4.0,2.0,1.0,3.0,0.14,3.0,0.0,0.0,0.0,0.0,0.0,"1,81m",Derecho,1.80 
Jonathan Ikone,Fiorentina,25.0,1998.0,18.7,49.0,2.62,33.0,0.0,9.0,2.0,4.0,1.0,5.0,0.27,3.0,0.0,1.0,0.0,1.0,0.0,"1,75m",Izquierdo,10.00 
Luka Jovic,Milan,25.0,1997.0,9.7,20.0,2.05,15.0,0.0,0.0,5.0,0.0,0.0,2.0,0.21,2.0,0.0,0.0,0.0,0.0,0.0,"1,82m",Derecho,7.00 
Yann Karamoh,Torino,25.0,1998.0,1.8,4.0,2.24,2.0,0.0,1.0,0.0,1.0,0.0,2.0,1.12,1.0,0.0,0.0,0.0,1.0,0.0,"1,84m",Derecho,2.50 
Christian Kouame,Fiorentina,25.0,1997.0,12.1,36.0,2.98,29.0,0.0,0.0,2.0,5.0,0.0,2.0,0.17,2.0,0.0,0.0,0.0,0.0,0.0,"1,85m",Derecho,7.50 
Rafael Leao,Milan,24.0,1999.0,27.9,135.0,4.83,92.0,5.0,23.0,5.0,10.0,0.0,26.0,0.93,17.0,0.0,8.0,0.0,1.0,0.0,"1,88m",Derecho,90.00 
Romelu Lukaku,Roma,30.0,1993.0,29.3,67.0,2.28,56.0,0.0,3.0,6.0,1.0,1.0,9.0,0.31,8.0,0.0,1.0,0.0,0.0,0.0,"1,91m",Izquierdo,30.00 
Daniel Maldini,Monza,21.0,2001.0,3.7,19.0,5.14,13.0,2.0,4.0,0.0,0.0,0.0,2.0,0.54,2.0,0.0,0.0,0.0,0.0,0.0,"1,88m",Derecho,4.50 
Daniel Maldini,Empoli,21.0,2001.0,2.9,7.0,2.4,3.0,1.0,2.0,0.0,1.0,0.0,0.0,0.0,0.0,0.0,0.0,0.0,0.0,0.0,"1,88m",Derecho,4.50 
Mirko Maric,Monza,28.0,1995.0,3.2,7.0,2.2,6.0,0.0,0.0,1.0,0.0,0.0,0.0,0.0,0.0,0.0,0.0,0.0,0.0,0.0,"1,88m",Izquierdo,0.8
Dany Mota,Monza,25.0,1998.0,22.8,71.0,3.12,49.0,14.0,0.0,2.0,6.0,0.0,8.0,0.35,5.0,0.0,0.0,0.0,3.0,0.0,"1,80m",Derecho,5.00 
Yunus Musah,Milan,20.0,2002.0,16.4,38.0,2.32,27.0,0.0,5.0,4.0,1.0,1.0,2.0,0.12,2.0,0.0,0.0,0.0,0.0,0.0,"1,78m",Derecho,22.00 
M'Baye Niang,Empoli,28.0,1994.0,7.9,18.0,2.28,11.0,0.0,3.0,3.0,1.0,0.0,3.0,0.38,2.0,0.0,0.0,1.0,0.0,0.0,"1,88m",Derecho,2.50 
M'Bala Nzola,Fiorentina,26.0,1996.0,17.2,42.0,2.43,32.0,0.0,2.0,4.0,3.0,1.0,5.0,0.29,2.0,0.0,1.0,2.0,0.0,0.0,"1,85m",Izquierdo,7.00 
Noah Okafor,Milan,23.0,2000.0,9.9,18.0,1.83,11.0,0.0,4.0,2.0,0.0,1.0,4.0,0.41,3.0,0.0,0.0,1.0,0.0,0.0,"1,85m",Derecho,20.00 
Christos Papadopoulos,Genoa,18.0,2004.0,0.0,0.0,0.0,0.0,0.0,0.0,0.0,0.0,0.0,0.0,0.0,0.0,0.0,0.0,0.0,0.0,0.0,"1,88m",Izquierdo,0.8
Andrea Petagna,Cagliari,28.0,1995.0,11.1,30.0,2.71,24.0,0.0,1.0,3.0,2.0,0.0,3.0,0.27,1.0,0.0,1.0,1.0,0.0,0.0,"1,90m",Izquierdo,3.80 
Roberto Piccoli,Empoli,22.0,2001.0,0.4,2.0,4.74,1.0,0.0,0.0,0.0,0.0,1.0,0.0,0.0,0.0,0.0,0.0,0.0,0.0,0.0,"1,90m",Derecho,4.00 
Roberto Piccoli,Lecce,22.0,2001.0,15.3,32.0,2.09,20.0,0.0,3.0,8.0,1.0,0.0,2.0,0.13,1.0,0.0,0.0,0.0,1.0,0.0,"1,90m",Derecho,4.00 
Christian Pulisic,Milan,24.0,1998.0,28.9,90.0,3.11,59.0,9.0,8.0,6.0,6.0,2.0,17.0,0.59,13.0,0.0,2.0,0.0,1.0,1.0,"1,77m",Derecho,40.00 
George Puscas,Genoa,27.0,1996.0,2.1,5.0,2.37,3.0,0.0,1.0,1.0,0.0,0.0,0.0,0.0,0.0,0.0,0.0,0.0,0.0,0.0,"1,88m",Derecho,1.50 
Nemanja Radonjic,Torino,27.0,1996.0,4.2,9.0,2.17,5.0,0.0,2.0,2.0,0.0,0.0,1.0,0.24,0.0,0.0,1.0,0.0,0.0,0.0,"1,82m",Ambidiestro,2.80 
Mateo Retegui,Genoa,24.0,1999.0,24.6,29.0,1.18,16.0,0.0,4.0,6.0,3.0,0.0,4.0,0.16,3.0,0.0,1.0,0.0,0.0,0.0,"1,86m",Derecho,16.00 
Luka Romero,Milan,18.0,2004.0,1.0,2.0,2.02,0.0,0.0,0.0,0.0,2.0,0.0,0.0,0.0,0.0,0.0,0.0,0.0,0.0,0.0,"1,69m",Izquierdo,5.00 
Stephan El Shaarawy,Roma,30.0,1992.0,19.3,53.0,2.74,35.0,1.0,3.0,8.0,4.0,2.0,7.0,0.36,5.0,0.0,1.0,1.0,0.0,0.0,"1,78m",Derecho,5.00 
Ola Solbakken,Roma,24.0,1998.0,0.3,1.0,3.91,1.0,0.0,0.0,0.0,0.0,0.0,0.0,0.0,0.0,0.0,0.0,0.0,0.0,0.0,"1,89m",Izquierdo,2.50 
Riccardo Sottil,Fiorentina,24.0,1999.0,12.3,45.0,3.67,35.0,0.0,4.0,2.0,4.0,0.0,5.0,0.41,4.0,0.0,1.0,0.0,0.0,0.0,"1,80m",Derecho,6.00 
Gabriel Strefezza,Lecce,26.0,1997.0,12.4,41.0,3.32,30.0,4.0,1.0,3.0,1.0,2.0,2.0,0.16,1.0,1.0,0.0,0.0,0.0,0.0,"1,68m",Derecho,6.00 
Filippo Terracciano,Milan,20.0,2003.0,0.8,0.0,0.0,0.0,0.0,0.0,0.0,0.0,0.0,0.0,0.0,0.0,0.0,0.0,0.0,0.0,0.0,"1,86m",Derecho,4.50 
Chaka Traore,Milan,18.0,2004.0,0.2,0.0,0.0,0.0,0.0,0.0,0.0,0.0,0.0,0.0,0.0,0.0,0.0,0.0,0.0,0.0,0.0,"1,75m",Derecho,1.50 
Simone Verdi,Torino,31.0,1992.0,0.0,1.0,22.5,1.0,0.0,0.0,0.0,0.0,0.0,0.0,0.0,0.0,0.0,0.0,0.0,0.0,0.0,"1,74m",Ambidiestro,2.50 
Samuele Vignato,Monza,19.0,2004.0,3.8,11.0,2.89,7.0,2.0,1.0,1.0,0.0,0.0,0.0,0.0,0.0,0.0,0.0,0.0,0.0,0.0,"1,72m",Derecho,3.50 
Vitinha,Genoa,23.0,2000.0,3.2,8.0,2.53,3.0,1.0,1.0,0.0,3.0,0.0,0.0,0.0,0.0,0.0,0.0,0.0,0.0,0.0,"1,78m",Derecho,14.00 
Nicola Zalewski,Roma,21.0,2002.0,10.8,37.0,3.44,23.0,2.0,5.0,3.0,4.0,0.0,3.0,0.28,2.0,0.0,0.0,1.0,0.0,0.0,"1,75m",Derecho,12.00 
Alessio Zerbin,Monza,24.0,1999.0,7.6,29.0,3.82,19.0,1.0,2.0,4.0,3.0,0.0,2.0,0.26,2.0,0.0,0.0,0.0,0.0,0.0,"1,82m",Derecho,4.00 
Alessio Zerbin,Napoli,24.0,1999.0,1.7,5.0,3.0,4.0,0.0,0.0,0.0,1.0,0.0,1.0,0.6,0.0,0.0,0.0,0.0,1.0,0.0,"1,82m",Derecho,4.00 
Karim Adeyemi,Dortmund,21.0,2002.0,10.1,25.0,2.46,13.0,1.0,3.0,2.0,6.0,0.0,2.0,0.2,2.0,0.0,0.0,0.0,0.0,0.0,"1,80m",Izquierdo,28.00 
Jonathan Asp Jensen,Bayern Munich,17.0,2006.0,0.0,0.0,0.0,0.0,0.0,0.0,0.0,0.0,0.0,0.0,0.0,0.0,0.0,0.0,0.0,0.0,0.0,"1,82m",Derecho,1.30 
Samuel Bamba,Dortmund,19.0,2004.0,0.5,2.0,3.75,1.0,0.0,0.0,0.0,1.0,0.0,0.0,0.0,0.0,0.0,0.0,0.0,0.0,0.0,"1,79m",Ambidiestro,0.8
Sheraldo Becker,Union Berlin,28.0,1995.0,7.2,28.0,3.91,22.0,0.0,2.0,2.0,2.0,0.0,4.0,0.56,2.0,0.0,0.0,1.0,1.0,0.0,"1,80m",Derecho,10.00 
Rafael Borre,Werder Bremen,27.0,1995.0,11.0,22.0,2.0,19.0,0.0,0.0,2.0,1.0,0.0,2.0,0.18,1.0,0.0,0.0,0.0,1.0,0.0,"1,74m",Derecho,8.00 
Julian Brandt,Dortmund,27.0,1996.0,24.7,133.0,5.38,78.0,43.0,7.0,4.0,0.0,1.0,17.0,0.69,9.0,6.0,1.0,1.0,0.0,0.0,"1,85m",Derecho,40.00 
Oliver Burke,Werder Bremen,26.0,1997.0,0.4,0.0,0.0,0.0,0.0,0.0,0.0,0.0,0.0,0.0,0.0,0.0,0.0,0.0,0.0,0.0,0.0,"1,88m",Derecho,2.00 
Kingsley Coman,Bayern Munich,27.0,1996.0,12.4,63.0,5.09,50.0,0.0,6.0,4.0,3.0,0.0,7.0,0.57,6.0,0.0,0.0,1.0,0.0,0.0,"1,81m",Derecho,50.00 
David Datro Fofana,Union Berlin,20.0,2002.0,7.6,28.0,3.7,14.0,1.0,6.0,7.0,0.0,0.0,2.0,0.26,2.0,0.0,0.0,0.0,0.0,0.0,"1,82m",Derecho,12.00 
Marvin Ducksch,Werder Bremen,29.0,1994.0,30.0,109.0,3.64,51.0,40.0,5.0,9.0,3.0,1.0,14.0,0.47,7.0,5.0,0.0,1.0,1.0,0.0,"1,88m",Derecho,9.00 
Julien Duranville,Dortmund,17.0,2006.0,0.1,0.0,0.0,0.0,0.0,0.0,0.0,0.0,0.0,0.0,0.0,0.0,0.0,0.0,0.0,0.0,0.0,"1,73m",Derecho,8.50 
Niclas Fullkrug,Werder Bremen,30.0,1993.0,2.0,7.0,3.5,6.0,0.0,0.0,1.0,0.0,0.0,0.0,0.0,0.0,0.0,0.0,0.0,0.0,0.0,"1,89m",Derecho,15.00 
Niclas Fullkrug,Dortmund,30.0,1993.0,24.6,57.0,2.32,50.0,0.0,0.0,4.0,3.0,0.0,11.0,0.45,10.0,0.0,0.0,1.0,0.0,0.0,"1,89m",Derecho,15.00 
Jamie Gittens,Dortmund,18.0,2004.0,11.8,46.0,3.92,31.0,0.0,10.0,1.0,4.0,0.0,9.0,0.77,6.0,0.0,1.0,0.0,2.0,0.0,"1,78m",Derecho,28.00 
Serge Gnabry,Bayern Munich,28.0,1995.0,4.8,19.0,3.96,12.0,0.0,1.0,5.0,1.0,0.0,2.0,0.42,1.0,0.0,0.0,0.0,1.0,0.0,"1,76m",Derecho,40.00 
Ryan Gravenberch,Bayern Munich,21.0,2002.0,0.1,3.0,27.0,2.0,0.0,1.0,0.0,0.0,0.0,0.0,0.0,0.0,0.0,0.0,0.0,0.0,0.0,"1,90m",Derecho,35.00 
Sebastien Haller,Dortmund,29.0,1994.0,4.4,11.0,2.53,10.0,0.0,0.0,1.0,0.0,0.0,1.0,0.23,1.0,0.0,0.0,0.0,0.0,0.0,"1,90m",Derecho,10.00 
Borja Iglesias,Leverkusen,30.0,1993.0,2.8,8.0,2.81,8.0,0.0,0.0,0.0,0.0,0.0,0.0,0.0,0.0,0.0,0.0,0.0,0.0,0.0,"1,87m",Derecho,5.00 
Joel Imasuen,Werder Bremen,18.0,2004.0,0.0,0.0,0.0,0.0,0.0,0.0,0.0,0.0,0.0,0.0,0.0,0.0,0.0,0.0,0.0,0.0,0.0,"1,93m",,0
Sasa Kalajdzic,Eint Frankfurt,26.0,1997.0,3.6,8.0,2.22,6.0,0.0,0.0,1.0,1.0,0.0,2.0,0.55,1.0,0.0,0.0,1.0,0.0,0.0,"2,00m",Derecho,5.00 
Harry Kane,Bayern Munich,30.0,1993.0,31.5,83.0,2.63,54.0,2.0,7.0,13.0,7.0,0.0,11.0,0.35,8.0,1.0,0.0,2.0,0.0,0.0,"1,88m",Derecho,100.00 
Dawid Kownacki,Werder Bremen,26.0,1997.0,4.2,17.0,4.01,8.0,0.0,1.0,5.0,3.0,0.0,2.0,0.47,1.0,0.0,0.0,0.0,1.0,0.0,"1,86m",Derecho,2.00 
Donyell Malen,Dortmund,24.0,1999.0,19.8,74.0,3.74,49.0,0.0,7.0,13.0,4.0,1.0,14.0,0.71,6.0,0.0,2.0,3.0,2.0,1.0,"1,76m",Derecho,40.00 
Nathanael Mbuku,Augsburg,21.0,2002.0,0.1,0.0,0.0,0.0,0.0,0.0,0.0,0.0,0.0,0.0,0.0,0.0,0.0,0.0,0.0,0.0,0.0,"1,70m",Izquierdo,2.00 
Youssoufa Moukoko,Dortmund,18.0,2004.0,6.9,13.0,1.87,10.0,0.0,2.0,0.0,1.0,0.0,2.0,0.29,2.0,0.0,0.0,0.0,0.0,0.0,"1,79m",Izquierdo,22.00 
Thomas Muller,Bayern Munich,33.0,1989.0,18.4,96.0,5.22,81.0,0.0,1.0,7.0,5.0,2.0,14.0,0.76,12.0,0.0,0.0,0.0,1.0,1.0,"1,85m",Derecho,8.00 
Jamal Musiala,Bayern Munich,20.0,2003.0,19.5,106.0,5.44,75.0,0.0,12.0,10.0,6.0,3.0,18.0,0.92,13.0,0.0,3.0,1.0,1.0,0.0,"1,84m",Derecho,120.00 
Justin Njinmah,Werder Bremen,22.0,2000.0,11.3,32.0,2.83,23.0,0.0,7.0,1.0,1.0,0.0,4.0,0.35,3.0,0.0,1.0,0.0,0.0,0.0,"1,85m",Derecho,9.00 
Leon Opitz,Werder Bremen,18.0,2005.0,0.2,0.0,0.0,0.0,0.0,0.0,0.0,0.0,0.0,0.0,0.0,0.0,0.0,0.0,0.0,0.0,0.0,"1,83m",Izquierdo,0.6
Matteo Perez Vinlof,Bayern Munich,17.0,2005.0,0.2,0.0,0.0,0.0,0.0,0.0,0.0,0.0,0.0,0.0,0.0,0.0,0.0,0.0,0.0,0.0,0.0,"1,78m",Izquierdo,0.6
Marco Reus,Dortmund,34.0,1989.0,17.8,69.0,3.88,45.0,7.0,1.0,8.0,6.0,2.0,10.0,0.56,4.0,2.0,0.0,1.0,2.0,1.0,"1,80m",Derecho,5.00 
Jadon Sancho,Dortmund,23.0,2000.0,10.5,51.0,4.85,36.0,5.0,7.0,1.0,2.0,0.0,6.0,0.57,2.0,0.0,2.0,0.0,2.0,0.0,"1,80m",Derecho,30.00 
Leroy Sane,Bayern Munich,27.0,1996.0,23.7,143.0,6.02,98.0,22.0,10.0,7.0,5.0,1.0,18.0,0.76,12.0,3.0,1.0,1.0,0.0,1.0,"1,83m",Izquierdo,70.00 
Amin Sarr,Wolfsburg,22.0,2001.0,4.3,5.0,1.17,4.0,0.0,0.0,1.0,0.0,0.0,0.0,0.0,0.0,0.0,0.0,0.0,0.0,0.0,"1,88m",Derecho,4.00 
Romano Schmid,Werder Bremen,23.0,2000.0,28.9,118.0,4.08,101.0,4.0,4.0,2.0,6.0,1.0,16.0,0.55,15.0,0.0,0.0,1.0,0.0,0.0,"1,68m",Derecho,10.00 
Mathys Tel,Bayern Munich,18.0,2005.0,11.7,45.0,3.86,25.0,0.0,9.0,8.0,3.0,0.0,13.0,1.11,8.0,0.0,3.0,1.0,1.0,0.0,"1,83m",Derecho,40.00 
Nick Woltemade,Werder Bremen,21.0,2002.0,13.2,53.0,4.03,44.0,0.0,2.0,2.0,4.0,1.0,2.0,0.15,2.0,0.0,0.0,0.0,0.0,0.0,"1,98m",Derecho,4.00 
Bryan Zaragoza,Bayern Munich,22.0,2001.0,2.0,7.0,3.44,5.0,0.0,2.0,0.0,0.0,0.0,0.0,0.0,0.0,0.0,0.0,0.0,0.0,0.0,"1,64m",Derecho,12.00 
Lovro Zvonarek,Bayern Munich,18.0,2005.0,1.8,3.0,1.66,3.0,0.0,0.0,0.0,0.0,0.0,1.0,0.55,1.0,0.0,0.0,0.0,0.0,0.0,"1,80m",Derecho,3.00 
Akor Adams,Montpellier,23.0,2000.0,25.0,43.0,1.72,29.0,0.0,5.0,8.0,1.0,0.0,3.0,0.12,0.0,0.0,2.0,1.0,0.0,0.0,"1,90m",Derecho,10.00 
Adryelson,Lyon,25.0,1998.0,0.1,0.0,0.0,0.0,0.0,0.0,0.0,0.0,0.0,0.0,0.0,0.0,0.0,0.0,0.0,0.0,0.0,"1,82m",Derecho,4.00 
Nabil Alioui,Le Havre,24.0,1999.0,11.2,40.0,3.56,24.0,11.0,3.0,2.0,0.0,0.0,2.0,0.18,1.0,1.0,0.0,0.0,0.0,0.0,"1,75m",Derecho,3.20 
Mohamed El Arouch,Lyon,19.0,2004.0,0.0,0.0,0.0,0.0,0.0,0.0,0.0,0.0,0.0,0.0,0.0,0.0,0.0,0.0,0.0,0.0,0.0,"1,66m",Derecho,1.50 
Andre Ayew,Le Havre,33.0,1989.0,12.3,27.0,2.2,18.0,0.0,5.0,2.0,0.0,2.0,1.0,0.08,1.0,0.0,0.0,0.0,0.0,0.0,"1,75m",Izquierdo,1.00 
Bradley Barcola,Lyon,20.0,2002.0,3.0,5.0,1.67,5.0,0.0,0.0,0.0,0.0,0.0,0.0,0.0,0.0,0.0,0.0,0.0,0.0,0.0,"1,82m",Derecho,50.00 
Bradley Barcola,Paris S-G,20.0,2002.0,15.2,69.0,4.53,53.0,0.0,13.0,1.0,1.0,1.0,11.0,0.72,9.0,0.0,1.0,0.0,0.0,1.0,"1,82m",Derecho,50.00 
Jean-Ricner Bellegarde,Strasbourg,25.0,1998.0,3.0,6.0,2.01,4.0,0.0,2.0,0.0,0.0,0.0,3.0,1.0,2.0,0.0,1.0,0.0,0.0,0.0,"1,72m",Derecho,15.00 
Said Benrahma,Lyon,27.0,1995.0,8.6,38.0,4.44,26.0,6.0,2.0,2.0,1.0,1.0,4.0,0.47,4.0,0.0,0.0,0.0,0.0,0.0,"1,72m",Derecho,20.00 
Josue Casimir,Le Havre,21.0,2001.0,22.4,52.0,2.32,42.0,0.0,4.0,2.0,4.0,0.0,7.0,0.31,5.0,0.0,1.0,0.0,1.0,0.0,"1,78m",Derecho,3.00 
Rayan Cherki,Lyon,19.0,2003.0,19.1,106.0,5.55,52.0,23.0,21.0,7.0,2.0,1.0,14.0,0.73,9.0,2.0,1.0,2.0,0.0,0.0,"1,77m",Ambidiestro,25.00 
Alois Confais,Le Havre,26.0,1996.0,0.1,0.0,0.0,0.0,0.0,0.0,0.0,0.0,0.0,0.0,0.0,0.0,0.0,0.0,0.0,0.0,0.0,"1,74m",Derecho,0.25
Tanguy Coulibaly,Montpellier,22.0,2001.0,6.9,20.0,2.89,13.0,0.0,3.0,2.0,2.0,0.0,3.0,0.43,1.0,0.0,0.0,1.0,1.0,0.0,"1,79m",Izquierdo,2.00 
Sacha Delaye,Montpellier,21.0,2002.0,1.4,6.0,4.15,5.0,0.0,1.0,0.0,0.0,0.0,0.0,0.0,0.0,0.0,0.0,0.0,0.0,0.0,"1,71m",Derecho,0.3
Jeremy Doku,Rennes,21.0,2002.0,1.2,9.0,7.23,5.0,0.0,2.0,2.0,0.0,0.0,0.0,0.0,0.0,0.0,0.0,0.0,0.0,0.0,"1,73m",Derecho,65.00 
Romain Faivre,Lorient,25.0,1998.0,16.1,43.0,2.66,28.0,7.0,3.0,3.0,2.0,0.0,6.0,0.37,4.0,0.0,0.0,2.0,0.0,0.0,"1,80m",Izquierdo,15.00 
Khalil Fayad,Montpellier,19.0,2004.0,11.4,19.0,1.67,10.0,0.0,0.0,2.0,6.0,1.0,0.0,0.0,0.0,0.0,0.0,0.0,0.0,0.0,"1,72m",Derecho,5.00 
Malick Fofana,Lyon,18.0,2005.0,6.2,19.0,3.05,11.0,0.0,2.0,3.0,2.0,1.0,3.0,0.48,1.0,0.0,0.0,1.0,1.0,0.0,"1,69m",Derecho,15.00 
Samuel Grandsir,Le Havre,26.0,1996.0,6.7,31.0,4.61,20.0,5.0,3.0,2.0,0.0,1.0,2.0,0.3,1.0,0.0,1.0,0.0,0.0,0.0,"1,70m",Derecho,1.50 
Axel Gueguin,Montpellier,18.0,2005.0,1.5,2.0,1.36,2.0,0.0,0.0,0.0,0.0,0.0,0.0,0.0,0.0,0.0,0.0,0.0,0.0,0.0,"1,72m",Izquierdo,0.7
Silvan Hefti,Montpellier,25.0,1997.0,7.9,11.0,1.39,9.0,1.0,0.0,1.0,0.0,0.0,3.0,0.38,3.0,0.0,0.0,0.0,0.0,0.0,"1,83m",Derecho,2.50 
Jeffinho,Lyon,23.0,1999.0,3.4,17.0,4.98,12.0,0.0,1.0,2.0,1.0,1.0,3.0,0.88,2.0,0.0,0.0,0.0,1.0,0.0,"1,76m",Derecho,5.00 
Antoine Joujou,Le Havre,20.0,2003.0,8.7,31.0,3.59,17.0,0.0,5.0,5.0,4.0,0.0,5.0,0.58,3.0,0.0,1.0,0.0,1.0,0.0,"1,89m",Derecho,1.50 
Tino Kadewere,Lyon,27.0,1996.0,3.3,9.0,2.73,8.0,0.0,0.0,0.0,1.0,0.0,1.0,0.3,1.0,0.0,0.0,0.0,0.0,0.0,"1,83m",Derecho,2.50 
Tino Kadewere,Nantes,27.0,1996.0,8.7,21.0,2.42,18.0,0.0,1.0,1.0,1.0,0.0,1.0,0.12,1.0,0.0,0.0,0.0,0.0,0.0,"1,83m",Derecho,2.50 
Yann Karamoh,Montpellier,25.0,1998.0,3.2,9.0,2.85,6.0,0.0,1.0,1.0,1.0,0.0,1.0,0.32,0.0,0.0,0.0,1.0,0.0,0.0,"1,84m",Derecho,2.50 
Wahbi Khazri,Montpellier,32.0,1991.0,12.6,26.0,2.07,15.0,1.0,4.0,2.0,4.0,0.0,2.0,0.16,1.0,0.0,0.0,1.0,0.0,0.0,"1,76m",Derecho,1.80 
Alexandre Lacazette,Lyon,32.0,1991.0,25.5,56.0,2.2,39.0,0.0,5.0,6.0,6.0,0.0,9.0,0.35,4.0,0.0,2.0,1.0,2.0,0.0,"1,75m",Derecho,9.00 
Elysee Logbo,Le Havre,19.0,2004.0,2.8,3.0,1.09,3.0,0.0,0.0,0.0,0.0,0.0,0.0,0.0,0.0,0.0,0.0,0.0,0.0,0.0,"1,88m",Izquierdo,0.8
Othmane Maamma,Montpellier,17.0,2005.0,1.0,7.0,7.16,3.0,0.0,3.0,0.0,1.0,0.0,0.0,0.0,0.0,0.0,0.0,0.0,0.0,0.0,"1,82m",Ambidiestro,0.3
Diego Moreira,Lyon,18.0,2004.0,3.0,4.0,1.34,3.0,0.0,0.0,0.0,1.0,0.0,0.0,0.0,0.0,0.0,0.0,0.0,0.0,0.0,"1,79m",Izquierdo,3.00 
Rassoul Ndiaye,Le Havre,21.0,2001.0,5.8,7.0,1.2,6.0,0.0,1.0,0.0,0.0,0.0,0.0,0.0,0.0,0.0,0.0,0.0,0.0,0.0,"1,79m",Derecho,2.50 
Steve Ngoura,Le Havre,18.0,2005.0,2.5,9.0,3.6,7.0,0.0,2.0,0.0,0.0,0.0,1.0,0.4,1.0,0.0,0.0,0.0,0.0,0.0,"1,93m",Derecho,0.4
Arnaud Nordin,Montpellier,25.0,1998.0,13.8,56.0,4.04,39.0,0.0,6.0,4.0,7.0,0.0,6.0,0.43,5.0,0.0,0.0,0.0,1.0,0.0,"1,70m",Ambidiestro,8.00 
Ernest Nuamah,Lyon,19.0,2003.0,20.4,73.0,3.58,47.0,6.0,8.0,7.0,5.0,0.0,6.0,0.29,4.0,1.0,0.0,1.0,0.0,0.0,"1,78m",Izquierdo,18.00 
Gift Orban,Lyon,21.0,2002.0,5.3,8.0,1.52,6.0,0.0,1.0,0.0,1.0,0.0,1.0,0.19,1.0,0.0,0.0,0.0,0.0,0.0,"1,78m",Derecho,15.00 
Romain Perraud,Nice,25.0,1997.0,4.1,5.0,1.22,4.0,1.0,0.0,0.0,0.0,0.0,2.0,0.49,1.0,1.0,0.0,0.0,0.0,0.0,"1,73m",Izquierdo,5.00 
Emmanuel Sabbi,Le Havre,25.0,1997.0,17.6,44.0,2.5,26.0,1.0,5.0,5.0,7.0,0.0,6.0,0.34,3.0,0.0,1.0,1.0,1.0,0.0,"1,78m",Derecho,2.50 
Amin Sarr,Lyon,22.0,2001.0,1.1,3.0,2.73,1.0,0.0,0.0,2.0,0.0,0.0,0.0,0.0,0.0,0.0,0.0,0.0,0.0,0.0,"1,88m",Derecho,4.00 
Issa Soumare,Le Havre,22.0,2000.0,2.6,7.0,2.66,2.0,0.0,2.0,1.0,2.0,0.0,0.0,0.0,0.0,0.0,0.0,0.0,0.0,0.0,"1,82m",Derecho,0.8
Issiaga Sylla,Montpellier,29.0,1994.0,16.2,31.0,1.92,22.0,5.0,1.0,2.0,0.0,1.0,2.0,0.12,2.0,0.0,0.0,0.0,0.0,0.0,"1,80m",Izquierdo,2.50 
Vitinha,Marseille,23.0,2000.0,10.3,37.0,3.61,23.0,0.0,5.0,3.0,4.0,2.0,6.0,0.59,3.0,0.0,1.0,2.0,0.0,0.0,"1,78m",Derecho,14.00 
Elye Wahi,Montpellier,20.0,2003.0,0.2,1.0,6.92,1.0,0.0,0.0,0.0,0.0,0.0,0.0,0.0,0.0,0.0,0.0,0.0,0.0,0.0,"1,84m",Derecho,35.00 
Elye Wahi,Lens,20.0,2003.0,18.8,41.0,2.18,23.0,1.0,3.0,6.0,5.0,3.0,3.0,0.16,1.0,1.0,0.0,1.0,0.0,0.0,"1,84m",Derecho,35.00 
Kelvin Yeboah,Montpellier,23.0,2000.0,3.1,9.0,2.93,7.0,0.0,1.0,0.0,1.0,0.0,0.0,0.0,0.0,0.0,0.0,0.0,0.0,0.0,"1,85m",Derecho,4.00 
